y,x,pointest_ppi,conf_low_ppi,conf_high_ppi,conf_low_ols,conf_high_ols,rho
gpt4turbo_wp_Saved,Intervention,0.06872661440114636,0.0578392970969507,0.07965035669326792,0.05825939423001491,0.08007615182637795,0.3469443385138722
gpt4turbo_wp_Saved,Barrier,0.16448834417399227,0.14818354573988382,0.18079382839684424,0.14819418691337483,0.1808057201089252,0.3130788500624447
gpt4turbo_wp_Saved,Gender,0.15864950464441874,0.13377825571949772,0.18373247500075165,0.1344363435507028,0.18439621813914595,0.2707777364178823
gpt4turbo_wp_Saved,Fitness,0.12270284038398453,0.09591693338640243,0.1490499449282665,0.09531024838762285,0.14845032105890454,0.30295262976652754
gpt4turbo_wp_Saved,Social Status,0.17073671524617415,0.09778048097078802,0.2425664490220657,0.09757802859772877,0.24229401433096123,0.13650241924854245
gpt4turbo_wp_Saved,CrossingSignal,0.33761157604968406,0.31895562045681974,0.35626889023663216,0.3191254754735281,0.35644244293171223,0.2742609133757165
gpt4turbo_wp_Saved,Age,0.4815741890469705,0.45859895286216956,0.504549288100338,0.45855845151034824,0.5045108128968249,0.20846197832704752
gpt4turbo_wp_Saved,Utilitarian,0.572183824723971,0.5510995311079235,0.5931113825059694,0.5509037322845649,0.5929178383214149,0.1956705927180675
gpt4turbo_wp_Saved,Species,0.6469072506250199,0.6271758728085183,0.666639278647344,0.627160936451417,0.666621352039166,0.04861632758272262
