y,x,pointest_ppi,conf_low_ppi,conf_high_ppi,conf_low_ols,conf_high_ols,rho
gpt4turbo_wp_Saved,Intervention,0.06841575667550738,0.057528625439010536,0.07930239760558437,0.057540379547201766,0.07931505726114157,0.3470491661893955
gpt4turbo_wp_Saved,Barrier,0.1645546436332307,0.148272965710852,0.18082621712523358,0.14813122293984743,0.1806877745618512,0.3129944895670373
gpt4turbo_wp_Saved,Gender,0.15965898907111856,0.13461744728822564,0.18445928019425137,0.13446403063688983,0.18430480931366422,0.26817750050991224
gpt4turbo_wp_Saved,Fitness,0.12165136156213538,0.09511237164506163,0.14819122189000977,0.09510345312556709,0.1481815956911485,0.30256184115417906
gpt4turbo_wp_Saved,Social Status,0.1753938949178537,0.10251268343836735,0.24715059221087837,0.10230523871420856,0.2468685319026332,0.14131446961725996
gpt4turbo_wp_Saved,CrossingSignal,0.33669306357126294,0.318065800157737,0.35532072691823013,0.31809303999926886,0.35534681714797134,0.27545479884765217
gpt4turbo_wp_Saved,Age,0.4815195369067629,0.4585834572511393,0.5044500688595348,0.45862199761086186,0.5044869524251577,0.20832531117267847
gpt4turbo_wp_Saved,Utilitarian,0.5731999982455206,0.5522318672037395,0.5941045756695812,0.5521912310327538,0.5940610208793419,0.19695331245189698
gpt4turbo_wp_Saved,Species,0.6454340455675421,0.6258899676113407,0.6653304515409806,0.6259356703867508,0.6653734225095128,0.04995614807966385
