y,x,rho,pointest_ppi,conf_low_ppi,conf_high_ppi
gpt4turbo_wp_Saved,Intervention,0.3469443385138722,0.06872661440114636,0.0578392970969507,0.07965035669326792
gpt4turbo_wp_Saved,Barrier,0.3130788500624447,0.16448834417399227,0.14818354573988382,0.18079382839684424
gpt4turbo_wp_Saved,Gender,0.2707777364178823,0.15864950464441874,0.13377825571949772,0.18373247500075165
gpt4turbo_wp_Saved,Fitness,0.30295262976652754,0.12270284038398453,0.09591693338640243,0.1490499449282665
gpt4turbo_wp_Saved,Social Status,0.13650241924854245,0.17073671524617415,0.09778048097078802,0.2425664490220657
gpt4turbo_wp_Saved,CrossingSignal,0.2742609133757165,0.33761157604968406,0.31895562045681974,0.35626889023663216
gpt4turbo_wp_Saved,Age,0.20846197832704752,0.4815741890469705,0.45859895286216956,0.504549288100338
gpt4turbo_wp_Saved,Utilitarian,0.1956705927180675,0.572183824723971,0.5510995311079235,0.5931113825059694
gpt4turbo_wp_Saved,Species,0.04861632758272262,0.6469072506250199,0.6271758728085183,0.666639278647344
